<?xml version="1.0" encoding="UTF-8"?>
<con:soapui-project activeEnvironment="Default" name="Engineering Appointment" resourceRoot="" soapui-version="4.5.1" xmlns:con="http://eviware.com/soapui/config"><con:settings/><con:interface xsi:type="con:WsdlInterface" wsaVersion="NONE" name="returnAvailableDatesSoapBinding" type="wsdl" bindingName="{http://DefaultNamespace}returnAvailableDatesSoapBinding" soapVersion="1_1" anonymous="optional" definition="file:/F:/workspace/Engineering%20Appointmen/WebContent/wsdl/returnAvailableDates.wsdl" xmlns:xsi="http://www.w3.org/2001/XMLSchema-instance"><con:settings/><con:definitionCache type="TEXT" rootPart="file:\F:\workspace\Engineering%20Appointmen\WebContent\wsdl\returnAvailableDates.wsdl"><con:part><con:url>file:\F:\workspace\Engineering%20Appointmen\WebContent\wsdl\returnAvailableDates.wsdl</con:url><con:content><![CDATA[<wsdl:definitions targetNamespace="http://DefaultNamespace" xmlns:apachesoap="http://xml.apache.org/xml-soap" xmlns:impl="http://DefaultNamespace" xmlns:intf="http://DefaultNamespace" xmlns:wsdl="http://schemas.xmlsoap.org/wsdl/" xmlns:wsdlsoap="http://schemas.xmlsoap.org/wsdl/soap/" xmlns:xsd="http://www.w3.org/2001/XMLSchema">
  <!--WSDL created by Apache Axis version: 1.4
Built on Apr 22, 2006 (06:55:48 PDT)-->
  <wsdl:types>
    <schema elementFormDefault="qualified" targetNamespace="http://DefaultNamespace" xmlns="http://www.w3.org/2001/XMLSchema">
      <import namespace="http://xml.apache.org/xml-soap"/>
      <element name="availableDates">
        <complexType>
          <sequence>
            <element name="productId" type="xsd:string"/>
            <element name="engineer" type="xsd:string"/>
          </sequence>
        </complexType>
      </element>
      <element name="availableDatesResponse">
        <complexType>
          <sequence>
            <element name="availableDatesReturn" type="apachesoap:Map"/>
          </sequence>
        </complexType>
      </element>
    </schema>
    <schema elementFormDefault="qualified" targetNamespace="http://xml.apache.org/xml-soap" xmlns="http://www.w3.org/2001/XMLSchema">
      <complexType name="mapItem">
        <sequence>
          <element name="key" nillable="true" type="xsd:anyType"/>
          <element name="value" nillable="true" type="xsd:anyType"/>
        </sequence>
      </complexType>
      <complexType name="Map">
        <sequence>
          <element maxOccurs="unbounded" minOccurs="0" name="item" type="apachesoap:mapItem"/>
        </sequence>
      </complexType>
    </schema>
  </wsdl:types>
  <wsdl:message name="availableDatesRequest">
    <wsdl:part element="impl:availableDates" name="parameters"></wsdl:part>
  </wsdl:message>
  <wsdl:message name="availableDatesResponse">
    <wsdl:part element="impl:availableDatesResponse" name="parameters"></wsdl:part>
  </wsdl:message>
  <wsdl:portType name="returnAvailableDates">
    <wsdl:operation name="availableDates">
      <wsdl:input message="impl:availableDatesRequest" name="availableDatesRequest"></wsdl:input>
      <wsdl:output message="impl:availableDatesResponse" name="availableDatesResponse"></wsdl:output>
    </wsdl:operation>
  </wsdl:portType>
  <wsdl:binding name="returnAvailableDatesSoapBinding" type="impl:returnAvailableDates">
    <wsdlsoap:binding style="document" transport="http://schemas.xmlsoap.org/soap/http"/>
    <wsdl:operation name="availableDates">
      <wsdlsoap:operation soapAction=""/>
      <wsdl:input name="availableDatesRequest">
        <wsdlsoap:body use="literal"/>
      </wsdl:input>
      <wsdl:output name="availableDatesResponse">
        <wsdlsoap:body use="literal"/>
      </wsdl:output>
    </wsdl:operation>
  </wsdl:binding>
  <wsdl:service name="returnAvailableDatesService">
    <wsdl:port binding="impl:returnAvailableDatesSoapBinding" name="returnAvailableDates">
      <wsdlsoap:address location="http://tempuri.org/Engineering Appointmen/services/returnAvailableDates"/>
    </wsdl:port>
  </wsdl:service>
</wsdl:definitions>]]></con:content><con:type>http://schemas.xmlsoap.org/wsdl/</con:type></con:part></con:definitionCache><con:endpoints><con:endpoint>http://tempuri.org/Engineering Appointmen/services/returnAvailableDates</con:endpoint><con:endpoint>http://INBAMSPC00291:8088/mockreturnAvailableDatesSoapBinding</con:endpoint></con:endpoints><con:operation isOneWay="false" action="" name="availableDates" bindingOperationName="availableDates" type="Request-Response" outputName="availableDatesResponse" inputName="availableDatesRequest" receivesAttachments="false" sendsAttachments="false" anonymous="optional"><con:settings/><con:call name="Request 1"><con:settings><con:setting id="com.eviware.soapui.impl.wsdl.WsdlRequest@request-headers">&lt;xml-fragment/></con:setting></con:settings><con:encoding>UTF-8</con:encoding><con:endpoint>http://INBAMSPC00291:8088/mockreturnAvailableDatesSoapBinding</con:endpoint><con:request><![CDATA[<soapenv:Envelope xmlns:soapenv="http://schemas.xmlsoap.org/soap/envelope/" xmlns:def="http://DefaultNamespace"> <soapenv:Header/> <soapenv:Body> <def:availableDates> <def:productId>Broadband1</def:productId> <def:engineer>261</def:engineer> </def:availableDates> </soapenv:Body> </soapenv:Envelope>]]></con:request><con:credentials><con:authType>Global HTTP Settings</con:authType></con:credentials><con:jmsConfig JMSDeliveryMode="PERSISTENT"/><con:jmsPropertyConfig/><con:wsaConfig mustUnderstand="NONE" version="200508" action="http://DefaultNamespace/returnAvailableDates/availableDatesRequest"/><con:wsrmConfig version="1.2"/></con:call></con:operation></con:interface><con:mockService port="8088" path="/mockreturnAvailableDatesSoapBinding" host="INBAMSPC00291" name="returnAvailableDatesSoapBinding MockService"><con:settings><con:setting id="com.eviware.soapui.impl.wsdl.mock.WsdlMockService@require-soap-action">false</con:setting></con:settings><con:mockOperation name="availableDates" interface="returnAvailableDatesSoapBinding" operation="availableDates"><con:settings/><con:dispatchPath>def holder = new com.eviware.soapui.support.XmlHolder(mockRequest.requestContent)
def productId = holder["//def:productId"]
def engineer = holder["//def:engineer"]

if(productId == "Broadband1")
{
	if(engineer == "261"){
		requestContext.returnStatus = "No"
		requestContext.availableDates = "[2nd May 2014, 4th May 2014, 6th May 2014, 8th May 2014,10th May 2014]"
	}
	if(engineer == "262"){
		requestContext.returnStatus = "No"
		requestContext.availableDates = "[1st May 2014, 3rd May 2014, 5th May 2014, 7th May 2014,8th May 2014]"
	}
	if(engineer == "263"){
		requestContext.returnStatus = "No"
		requestContext.availableDates = "[11th May 2014, 12th May 2014, 13th May 2014, 14th May 2014,15th May 2014]"
	}
}</con:dispatchPath><con:dispatchStyle>SCRIPT</con:dispatchStyle><con:defaultResponse>Response 1</con:defaultResponse><con:response name="Response 1" encoding="UTF-8"><con:settings/><con:responseContent><![CDATA[<soapenv:Envelope xmlns:soapenv="http://schemas.xmlsoap.org/soap/envelope/" xmlns:def="http://DefaultNamespace" xmlns:x-="http://xml.apache.org/xml-soap">
   <soapenv:Header/>
   <soapenv:Body>
      <def:availableDatesResponse>
         <def:availableDatesReturn>
            <!--Zero or more repetitions:-->
            <x-:item>
               <x-:key>returnStatus</x-:key>
               <x-:value>${returnStatus}</x-:value>
            </x-:item>
            <x-:item>
               <x-:key>availableDates</x-:key>
               <x-:value>${availableDates}</x-:value>
            </x-:item>
         </def:availableDatesReturn>
      </def:availableDatesResponse>
   </soapenv:Body>
</soapenv:Envelope>]]></con:responseContent><con:wsaConfig mustUnderstand="NONE" version="200508" action="http://DefaultNamespace/returnAvailableDates/availableDatesResponse"/></con:response><con:dispatchConfig/></con:mockOperation><con:properties/></con:mockService><con:properties/><con:wssContainer/></con:soapui-project>