<?xml version="1.0" encoding="UTF-8"?>
<con:soapui-project activeEnvironment="Default" name="FeasibilityCheckerAdvanced" resourceRoot="" soapui-version="4.5.1" xmlns:con="http://eviware.com/soapui/config"><con:settings/><con:interface xsi:type="con:WsdlInterface" wsaVersion="NONE" name="FeasibilityCheckerAdvancedSoapBinding" type="wsdl" bindingName="{http://DefaultNamespace}FeasibilityCheckerAdvancedSoapBinding" soapVersion="1_1" anonymous="optional" definition="file:/E:/workspace/TestDWP/WebContent/wsdl/FeasibilityCheckerAdvanced.wsdl" xmlns:xsi="http://www.w3.org/2001/XMLSchema-instance"><con:settings/><con:definitionCache type="TEXT" rootPart="file:\E:\workspace\TestDWP\WebContent\wsdl\FeasibilityCheckerAdvanced.wsdl"><con:part><con:url>file:\E:\workspace\TestDWP\WebContent\wsdl\FeasibilityCheckerAdvanced.wsdl</con:url><con:content><![CDATA[<wsdl:definitions targetNamespace="http://DefaultNamespace" xmlns:apachesoap="http://xml.apache.org/xml-soap" xmlns:impl="http://DefaultNamespace" xmlns:intf="http://DefaultNamespace" xmlns:wsdl="http://schemas.xmlsoap.org/wsdl/" xmlns:wsdlsoap="http://schemas.xmlsoap.org/wsdl/soap/" xmlns:xsd="http://www.w3.org/2001/XMLSchema">
  <!--WSDL created by Apache Axis version: 1.4
Built on Apr 22, 2006 (06:55:48 PDT)-->
  <wsdl:types>
    <schema elementFormDefault="qualified" targetNamespace="http://DefaultNamespace" xmlns="http://www.w3.org/2001/XMLSchema">
      <import namespace="http://xml.apache.org/xml-soap"/>
      <element name="getFeasibilityStatus">
        <complexType>
          <sequence>
            <element name="postCode" type="xsd:string"/>
            <element name="productId" type="xsd:string"/>
          </sequence>
        </complexType>
      </element>
      <element name="getFeasibilityStatusResponse">
        <complexType>
          <sequence>
            <element name="getFeasibilityStatusReturn" type="apachesoap:Map"/>
          </sequence>
        </complexType>
      </element>
    </schema>
    <schema elementFormDefault="qualified" targetNamespace="http://xml.apache.org/xml-soap" xmlns="http://www.w3.org/2001/XMLSchema">
      <complexType name="mapItem">
        <sequence>
          <element name="key" nillable="true" type="xsd:anyType"/>
          <element name="value" nillable="true" type="xsd:anyType"/>
        </sequence>
      </complexType>
      <complexType name="Map">
        <sequence>
          <element maxOccurs="unbounded" minOccurs="0" name="item" type="apachesoap:mapItem"/>
        </sequence>
      </complexType>
    </schema>
  </wsdl:types>
  <wsdl:message name="getFeasibilityStatusRequest">
    <wsdl:part element="impl:getFeasibilityStatus" name="parameters"></wsdl:part>
  </wsdl:message>
  <wsdl:message name="getFeasibilityStatusResponse">
    <wsdl:part element="impl:getFeasibilityStatusResponse" name="parameters"></wsdl:part>
  </wsdl:message>
  <wsdl:portType name="FeasibilityCheckerAdvanced">
    <wsdl:operation name="getFeasibilityStatus">
      <wsdl:input message="impl:getFeasibilityStatusRequest" name="getFeasibilityStatusRequest"></wsdl:input>
      <wsdl:output message="impl:getFeasibilityStatusResponse" name="getFeasibilityStatusResponse"></wsdl:output>
    </wsdl:operation>
  </wsdl:portType>
  <wsdl:binding name="FeasibilityCheckerAdvancedSoapBinding" type="impl:FeasibilityCheckerAdvanced">
    <wsdlsoap:binding style="document" transport="http://schemas.xmlsoap.org/soap/http"/>
    <wsdl:operation name="getFeasibilityStatus">
      <wsdlsoap:operation soapAction=""/>
      <wsdl:input name="getFeasibilityStatusRequest">
        <wsdlsoap:body use="literal"/>
      </wsdl:input>
      <wsdl:output name="getFeasibilityStatusResponse">
        <wsdlsoap:body use="literal"/>
      </wsdl:output>
    </wsdl:operation>
  </wsdl:binding>
  <wsdl:service name="FeasibilityCheckerAdvancedService">
    <wsdl:port binding="impl:FeasibilityCheckerAdvancedSoapBinding" name="FeasibilityCheckerAdvanced">
      <wsdlsoap:address location="http://localhost:8080/TestDWP/services/FeasibilityCheckerAdvanced"/>
    </wsdl:port>
  </wsdl:service>
</wsdl:definitions>]]></con:content><con:type>http://schemas.xmlsoap.org/wsdl/</con:type></con:part></con:definitionCache><con:endpoints><con:endpoint>http://localhost:8080/TestDWP/services/FeasibilityCheckerAdvanced</con:endpoint><con:endpoint>http://INBAAMPC02682:8088/mockFeasibilityCheckerAdvancedSoapBinding</con:endpoint></con:endpoints><con:operation isOneWay="false" action="" name="getFeasibilityStatus" bindingOperationName="getFeasibilityStatus" type="Request-Response" outputName="getFeasibilityStatusResponse" inputName="getFeasibilityStatusRequest" receivesAttachments="false" sendsAttachments="false" anonymous="optional"><con:settings/><con:call name="Request 1"><con:settings><con:setting id="com.eviware.soapui.impl.wsdl.WsdlRequest@request-headers">&lt;xml-fragment/></con:setting></con:settings><con:encoding>UTF-8</con:encoding><con:endpoint>http://INBAAMPC02682:8088/mockFeasibilityCheckerAdvancedSoapBinding</con:endpoint><con:request><![CDATA[<soapenv:Envelope xmlns:soapenv="http://schemas.xmlsoap.org/soap/envelope/" xmlns:def="http://DefaultNamespace">
   <soapenv:Header/>
   <soapenv:Body>
      <def:getFeasibilityStatus>
         <def:postCode>121212</def:postCode>
         <def:productId>SmartDataDeal2</def:productId>
      </def:getFeasibilityStatus>
   </soapenv:Body>
</soapenv:Envelope>]]></con:request><con:credentials><con:authType>Global HTTP Settings</con:authType></con:credentials><con:jmsConfig JMSDeliveryMode="PERSISTENT"/><con:jmsPropertyConfig/><con:wsaConfig mustUnderstand="NONE" version="200508" action="http://DefaultNamespace/FeasibilityCheckerAdvanced/getFeasibilityStatusRequest"/><con:wsrmConfig version="1.2"/></con:call></con:operation></con:interface><con:mockService port="8088" path="/mockFeasibilityCheckerAdvancedSoapBinding" host="INBAAMPC02682" name="FeasibilityCheckerAdvancedSoapBinding MockService"><con:settings><con:setting id="com.eviware.soapui.impl.wsdl.mock.WsdlMockService@require-soap-action">false</con:setting></con:settings><con:mockOperation name="getFeasibilityStatus" interface="FeasibilityCheckerAdvancedSoapBinding" operation="getFeasibilityStatus"><con:settings/><con:dispatchPath>def holder = new com.eviware.soapui.support.XmlHolder(mockRequest.requestContent)
def postCode = holder["//def:postCode"]
def productId = holder["//def:productId"]
requestContext.postCode = postCode

if(!(postCode ==~ /[1-9][0-9]{5}/))
	requestContext.returnStatus = "Invalid"
else if(productId == "SmartDataDeal1")
	requestContext.returnStatus = "Yes"
else if(productId == "SmartDataDeal2")
{
	if(postCode ==~ /[4-9][0-9]{5}/)
		requestContext.returnStatus = "Yes"
	else
	{
		requestContext.returnStatus = "No"
		requestContext.maxInternetSpeed = "2"
		requestContext.listOfProducts = ["SmartDataDeal1"]
	}
}
else if(productId == "SmartDataDeal3")
{
	if(postCode ==~ /[6-9][0-9]{5}/)
		requestContext.returnStatus = "Yes"
	else
	{
		if(postCode ==~ /[1-3][0-9]{5}/)
		{
			requestContext.returnStatus = "No"
			requestContext.maxInternetSpeed = "2"
			requestContext.listOfProducts = ["SmartDataDeal1"]
		}
		else if(postCode ==~ /[4-5][0-9]{5}/)
		{
			requestContext.returnStatus = "No"
			requestContext.maxInternetSpeed = "4"
			requestContext.listOfProducts = ["SmartDataDeal1","SmartDataDeal2"]
		}
	}
}
else if(productId == "SmartDataDeal4")
{
	if(postCode ==~ /[8-9][0-9]{5}/)
		requestContext.returnStatus = "Yes"
	else
	{
		if(postCode ==~ /[1-3][0-9]{5}/)
		{
			requestContext.returnStatus = "No"
			requestContext.maxInternetSpeed = "2"
			requestContext.listOfProducts = ["SmartDataDeal1"]
		}
		else if(postCode ==~ /[4-5][0-9]{5}/)
		{
			requestContext.returnStatus = "No"
			requestContext.maxInternetSpeed = "4"
			requestContext.listOfProducts = ["SmartDataDeal1","SmartDataDeal2"]
		}
		else if(postCode ==~ /[6-7][0-9]{5}/)
		{
			requestContext.returnStatus = "No"
			requestContext.maxInternetSpeed = "8"
			requestContext.listOfProducts = ["SmartDataDeal1","SmartDataDeal2","SmartDataDeal3"]
		}
	}
}</con:dispatchPath><con:dispatchStyle>SCRIPT</con:dispatchStyle><con:defaultResponse>Response 1</con:defaultResponse><con:response name="Response 1" encoding="UTF-8"><con:settings/><con:responseContent><![CDATA[<soapenv:Envelope xmlns:soapenv="http://schemas.xmlsoap.org/soap/envelope/" xmlns:def="http://DefaultNamespace" xmlns:x-="http://xml.apache.org/xml-soap">
   <soapenv:Header/>
   <soapenv:Body>
      <def:getFeasibilityStatusResponse>
         <def:getFeasibilityStatusReturn>
            <!--Post code: ${postCode}-->
            <x-:item>
               <x-:key>returnStatus</x-:key>
               <x-:value>${returnStatus}</x-:value>
            </x-:item>
            <x-:item>
               <x-:key>maxInternetSpeed</x-:key>
               <x-:value>${maxInternetSpeed}</x-:value>
            </x-:item>
            <x-:item>
               <x-:key>listOfProducts</x-:key>
               <x-:value>${listOfProducts}</x-:value>
            </x-:item>
         </def:getFeasibilityStatusReturn>
      </def:getFeasibilityStatusResponse>
   </soapenv:Body>
</soapenv:Envelope>]]></con:responseContent><con:wsaConfig mustUnderstand="NONE" version="200508" action="http://DefaultNamespace/FeasibilityCheckerAdvanced/getFeasibilityStatusResponse"/></con:response><con:dispatchConfig/></con:mockOperation><con:properties/></con:mockService><con:properties/><con:wssContainer/></con:soapui-project>